corpus,file,orig_bytes,afc_bytes,gzip9_bytes_REFERENCE,bzip2_bytes_REFERENCE,lzma_bytes_REFERENCE
govdocs1-thread000,000000.swf,80468,76021,74030,75325,73384
govdocs1-thread000,000001.doc,40960,11902,7963,8658,6848
govdocs1-thread000,000002.doc,57856,34569,28889,30351,27416
govdocs1-thread000,000003.doc,55808,33612,28174,29543,26788
govdocs1-thread000,000004.doc,175616,108183,88963,92460,82356
govdocs1-thread000,000005.doc,180736,139936,122569,127978,116868
govdocs1-thread000,000006.doc,67584,20853,12366,13054,10316
govdocs1-thread000,000007.doc,179200,40833,23902,22891,16036
govdocs1-thread000,000008.ppt,304640,214612,183099,188598,173488
govdocs1-thread000,000009.pdf,39586,34011,32652,33213,31956
govdocs1-thread000,000010.pdf,120441,115285,114734,115467,114732
govdocs1-thread000,000011.pdf,31367,22215,19918,20859,19428
govdocs1-thread000,000012.pdf,22857,17615,16406,17055,16012
govdocs1-thread000,000013.pdf,38638,34505,33337,33782,32916
govdocs1-thread000,000014.html,38053,12624,6102,6017,5832
govdocs1-thread000,000015.pdf,55964,48238,46905,47412,46216
govdocs1-thread000,000016.pdf,150586,143916,141954,143237,141848
govdocs1-thread000,000017.swf,7690,7697,7701,8171,7752
govdocs1-thread000,000018.pdf,94424,57862,53187,51963,49368
govdocs1-thread000,000019.pdf,124152,118543,117273,118243,117012
govdocs1-thread000,000020.pdf,4755,3412,2506,3046,2424
govdocs1-thread000,000021.pdf,4521,3153,2260,2716,2184
govdocs1-thread000,000022.pdf,21235,17080,15886,16594,15440
govdocs1-thread000,000024.pdf,44121,41566,41278,41858,41080
govdocs1-thread000,000025.pdf,197832,190728,189204,190264,188776
govdocs1-thread000,000026.pdf,97475,92341,90019,91716,88856
govdocs1-thread000,000027.csv,38637,15941,11331,9171,9676
govdocs1-thread000,000028.pdf,205925,162316,157922,158445,154428
govdocs1-thread000,000029.pdf,3727214,3716144,3716893,3734291,3716596
govdocs1-thread000,000030.xls,7883264,2229897,1819488,1336670,736968
govdocs1-thread000,000031.xls,2374656,783118,645389,492526,305692
govdocs1-thread000,000032.xls,28598784,7379042,5269966,1686703,542856
govdocs1-thread000,000033.xls,5580288,2404118,1353192,1052929,747716
govdocs1-thread000,000034.xls,14257664,4794741,4332341,3080063,2396800
govdocs1-thread000,000035.xls,34304,9559,8067,7580,5872
govdocs1-thread000,000036.xls,81920,16851,14988,11666,8456
govdocs1-thread000,000037.xls,3795968,1267633,934895,709590,476452
govdocs1-thread000,000038.xls,71680,22045,21435,18263,14324
govdocs1-thread000,000039.xml,3480,1739,1077,1157,1124
govdocs1-thread000,000040.xls,52224,21559,19566,18311,14800
govdocs1-thread000,000041.xls,101376,32745,27827,22488,16368
govdocs1-thread000,000042.xls,92160,27315,23986,19795,14180
govdocs1-thread000,000043.xls,14646272,5026682,4433450,3157548,2414688
govdocs1-thread000,000044.xls,167424,55236,49377,40342,25488
govdocs1-thread000,000045.xls,2823168,1189991,657032,546929,328372
govdocs1-thread000,000046.xls,74240,21466,18485,15921,12424
govdocs1-thread000,000047.xls,2742784,919926,683722,551309,347308
govdocs1-thread000,000048.xls,2856960,980671,712290,585479,378884
govdocs1-thread000,000049.xls,3138560,1075276,756117,632605,407520
govdocs1-thread000,000050.xls,9473536,2819144,1798992,1191057,776020
govdocs1-thread000,000051.xls,3769856,1096294,862002,710843,426932
govdocs1-thread000,000052.xls,2434048,917210,693021,577258,355308
govdocs1-thread000,000053.xls,6325248,1415279,797853,464729,363172
govdocs1-thread000,000054.xls,169472,67639,59382,53425,42868
govdocs1-thread000,000055.xls,14073344,4790585,4304526,3060486,2409160
govdocs1-thread000,000056.html,6664,3429,2616,2647,2604
govdocs1-thread000,000057.html,15893,7651,5752,5323,5512
govdocs1-thread000,000058.html,734,508,383,432,460
govdocs1-thread000,000059.html,30388,14393,9007,8474,8172
govdocs1-thread000,000060.html,32414,13121,6389,6548,6096
govdocs1-thread000,000061.html,2788,1622,1081,1203,1160
govdocs1-thread000,000062.html,3576,1994,1351,1471,1416
govdocs1-thread000,000063.html,37251,13557,7686,7177,7324
govdocs1-thread000,000064.html,4125,2548,2028,2043,2068
govdocs1-thread000,000065.html,5883,3042,1929,2069,1932
govdocs1-thread000,000066.html,14998,7796,5844,5426,5636
govdocs1-thread000,000067.xml,3483,1740,1083,1164,1128
govdocs1-thread000,000068.html,2758,1666,1287,1413,1348
govdocs1-thread000,000069.html,9750,4702,2955,3120,2924
govdocs1-thread000,000070.html,29327,7931,4427,4380,4260
govdocs1-thread000,000071.html,47111,16483,7149,7181,6788
govdocs1-thread000,000072.html,19192,8718,5492,5762,5276
govdocs1-thread000,000073.html,16919,7534,4394,4617,4284
govdocs1-thread000,000074.html,16807,7503,4390,4608,4272
govdocs1-thread000,000075.html,3809,2027,1533,1649,1580
govdocs1-thread000,000076.html,2384,1589,1252,1313,1320
govdocs1-thread000,000077.html,32681,9021,4847,4852,4336
govdocs1-thread000,000078.html,2989,1726,1359,1460,1448
govdocs1-thread000,000079.html,15084,7130,4693,4754,4612
govdocs1-thread000,000080.html,635,432,323,387,384
govdocs1-thread000,000081.txt,13150,6041,4499,4176,4368
govdocs1-thread000,000082.txt,2687,1549,1210,1220,1292
govdocs1-thread000,000083.unk,7671,3994,2863,2976,2840
govdocs1-thread000,000084.txt,512,408,333,377,424
govdocs1-thread000,000085.txt,3508,1903,1563,1584,1652
govdocs1-thread000,000086.txt,26270,13307,9355,8315,8580
govdocs1-thread000,000087.txt,23494,9750,7460,6704,7144
govdocs1-thread000,000088.txt,4139,2244,1931,1907,1988
govdocs1-thread000,000089.txt,36176,3129,2648,2171,2572
govdocs1-thread000,000090.txt,17522,4091,2710,2348,2260
govdocs1-thread000,000092.txt,7421,3411,2999,2675,2864
govdocs1-thread000,000093.txt,32010,7273,4208,3924,3988
govdocs1-thread000,000094.txt,109756,21747,16541,13141,13988
govdocs1-thread000,000095.txt,127325,41433,27075,22392,22452
govdocs1-thread000,000096.txt,232697,68901,54755,41667,42296
govdocs1-thread000,000097.ps,47365,19789,14057,13593,12224
govdocs1-thread000,000098.txt,2232089,624048,533790,403293,391404
govdocs1-thread000,000099.ps,309235,123663,84118,74523,68804
govdocs1-thread000,000100.doc,58368,18554,10550,11106,8332
govdocs1-thread000,000101.doc,107520,39560,26283,26893,20740
govdocs1-thread000,000102.txt,106079,29398,21601,19315,19224
govdocs1-thread000,000103.txt,109907,41622,31344,25169,25292
govdocs1-thread000,000104.txt,118732,32845,24220,21586,21440
govdocs1-thread000,000105.txt,164599,77350,67787,53615,58060
govdocs1-thread000,000106.txt,119522,43379,32748,26575,26524
govdocs1-thread000,000107.jpg,41572,35824,27027,30613,26616
govdocs1-thread000,000108.jpg,137413,136654,136172,136703,136816
govdocs1-thread000,000109.jpg,31046,25232,18666,21276,18228
govdocs1-thread000,000110.jpg,92856,85680,76793,80636,76344
govdocs1-thread000,000111.doc,176640,70763,46997,45416,38324
govdocs1-thread000,000112.wp,296370,105919,63596,53976,52384
govdocs1-thread000,000113.doc,14170112,13350967,12930468,12244451,11358776
govdocs1-thread000,000114.doc,19968,7496,5195,5407,4800
govdocs1-thread000,000115.wp,411294,149892,102915,76174,81848
govdocs1-thread000,000116.doc,1330176,1191893,998027,1011334,915272
govdocs1-thread000,000117.rtf,33970,8907,5210,4855,5008
govdocs1-thread000,000118.doc,141312,51405,30837,30932,24712
govdocs1-thread000,000119.doc,96768,40557,28499,28006,22656
govdocs1-thread000,000120.doc,114176,39381,21688,22522,17708
govdocs1-thread000,000121.doc,30720,8517,5088,5332,4316
govdocs1-thread000,000122.doc,139264,69193,48068,48919,42692
govdocs1-thread000,000123.html,41230,17393,11686,11382,10916
govdocs1-thread000,000124.doc,6564352,5954449,5572289,5626664,5169496
govdocs1-thread000,000125.doc,28160,7448,4582,4814,3792
govdocs1-thread000,000126.doc,557568,264747,172999,178004,145608
govdocs1-thread000,000127.doc,32768,9976,6380,6664,5532
govdocs1-thread000,000128.doc,25600,7044,4860,4982,4468
govdocs1-thread000,000129.html,38057,15883,10965,10666,10284
govdocs1-thread000,000130.doc,1156608,1101379,1063276,1072926,1043504
govdocs1-thread000,000131.doc,566784,268816,171699,177871,147928
govdocs1-thread000,000132.doc,29184,7459,5097,5347,4500
govdocs1-thread000,000133.ppt,932352,866127,830937,840199,802704
govdocs1-thread000,000134.ppt,8657920,8595592,8574856,8545682,8555624
govdocs1-thread000,000135.pdf,80961,69747,68001,68200,66732
govdocs1-thread000,000136.html,36111,13863,10147,9259,9328
govdocs1-thread000,000137.pdf,201776,195445,189490,188379,186904
govdocs1-thread000,000138.html,912,711,529,616,616
govdocs1-thread000,000139.doc,50176,17134,11223,11436,9508
govdocs1-thread000,000140.pdf,89719,67700,63124,63209,60484
govdocs1-thread000,000141.pdf,458941,243498,230815,227615,213128
govdocs1-thread000,000142.pdf,445338,407525,401866,401178,397692
govdocs1-thread000,000143.pdf,5189989,5039360,5054302,4892192,4952844
govdocs1-thread000,000144.doc,36352,9400,6173,6129,5448
govdocs1-thread000,000145.pdf,45234,38532,37228,37905,36712
govdocs1-thread000,000146.pdf,3652867,3160723,3121295,3114072,3048108
govdocs1-thread000,000147.pdf,622082,582199,568752,553049,558568
govdocs1-thread000,000148.doc,565248,196492,111049,108443,70688
govdocs1-thread000,000149.pdf,972022,955471,916424,915436,889700
govdocs1-thread000,000150.pdf,665275,630678,625265,628530,623564
govdocs1-thread000,000151.doc,19968,3915,2587,2863,2352
govdocs1-thread000,000152.pdf,4406954,4311126,4157731,4151405,4085492
govdocs1-thread000,000153.pdf,2189678,1860233,1634671,1673395,1588700
govdocs1-thread000,000154.doc,918016,48979,27506,22410,21084
govdocs1-thread000,000155.pdf,1339527,1307094,1253351,1262583,1246800
govdocs1-thread000,000156.doc,46080,19038,15395,16227,13796
govdocs1-thread000,000157.pdf,1656438,1375412,1376827,1323598,1339524
govdocs1-thread000,000158.doc,61952,21830,14428,14331,12364
govdocs1-thread000,000159.pdf,4051537,3407730,3103140,3059420,2910876
govdocs1-thread000,000160.ppt,1496064,1435998,1304691,1294373,1196100
govdocs1-thread000,000161.pdf,26603,21209,19785,20504,19456
govdocs1-thread000,000162.pdf,244584,166101,156998,160893,151216
govdocs1-thread000,000163.pdf,1048821,913915,890879,891847,866128
govdocs1-thread000,000164.pdf,2590299,2583748,2587869,2596964,2589100
govdocs1-thread000,000165.ppt,1919488,1776310,1636353,1671818,1617072
govdocs1-thread000,000166.pdf,238693,139916,129699,127592,120884
govdocs1-thread000,000167.ppt,911872,855510,827326,839787,820424
govdocs1-thread000,000168.pdf,552417,502894,492635,494201,489032
govdocs1-thread000,000169.ppt,676352,633072,616979,625538,614640
govdocs1-thread000,000170.xls,105984,39287,30841,26600,21056
govdocs1-thread000,000171.xls,163328,68120,53633,38241,25616
govdocs1-thread000,000173.html,51027,21268,13063,12677,12060
govdocs1-thread000,000174.ppt,448000,326396,288400,293960,276556
govdocs1-thread000,000175.ppt,178176,123124,99752,104544,93780
govdocs1-thread000,000176.pdf,74481,40837,38366,39318,37608
govdocs1-thread000,000177.pdf,300856,286754,280894,282929,277236
govdocs1-thread000,000178.html,90511,33700,19877,18650,17756
govdocs1-thread000,000179.html,17150,8906,6921,6433,6684
govdocs1-thread000,000180.html,10810,4674,2681,2772,2664
govdocs1-thread000,000181.ppt,2183680,2153087,2107988,2126273,2096288
govdocs1-thread000,000182.html,15842,7626,5802,5561,5636
govdocs1-thread000,000183.html,36780,15729,10474,10382,9852
govdocs1-thread000,000184.html,13687,7118,5334,5175,5184
govdocs1-thread000,000185.html,38194,16612,11360,11127,10640
govdocs1-thread000,000186.html,14417,5666,3575,3622,3540
govdocs1-thread000,000187.pdf,9122928,8975141,8993433,9014648,9008308
govdocs1-thread000,000188.html,132748,39883,20512,16861,18376
govdocs1-thread000,000189.pdf,90222,83324,82955,83561,82580
govdocs1-thread000,000190.html,32527,6654,3129,3288,2924
govdocs1-thread000,000191.html,84550,17232,6887,6362,5824
govdocs1-thread000,000192.html,9854,4646,2790,2969,2780
govdocs1-thread000,000193.html,8540,4074,2456,2653,2472
govdocs1-thread000,000194.html,15602,7225,5297,5138,5128
govdocs1-thread000,000195.html,11745,6211,4682,4691,4564
govdocs1-thread000,000196.pdf,40291,35220,33618,34276,33092
govdocs1-thread000,000197.html,25594,10449,6321,6290,6112
govdocs1-thread000,000198.html,36088,15770,9078,9161,8676
govdocs1-thread000,000199.html,58983,23228,12311,12189,11476
govdocs1-thread000,000200.html,3706,2028,1308,1446,1376
govdocs1-thread000,000201.html,19570,8624,5768,5681,5576
govdocs1-thread000,000202.html,25133,8717,6375,5704,6052
govdocs1-thread000,000203.html,9585,4675,3076,3252,3076
govdocs1-thread000,000204.html,63536,25586,18712,16537,17104
govdocs1-thread000,000205.html,2948,1765,1258,1351,1316
govdocs1-thread000,000206.html,27836,11908,8023,7706,7576
govdocs1-thread000,000207.html,5608,2912,1716,1954,1768
govdocs1-thread000,000208.pdf,5582269,5444780,5133136,5132496,4990884
govdocs1-thread000,000209.html,66135,25230,17590,15769,16348
govdocs1-thread000,000210.html,11693,5300,3256,3469,3244
govdocs1-thread000,000211.html,5058,2808,2171,2267,2212
govdocs1-thread000,000212.html,2326,1329,994,1082,1068
govdocs1-thread000,000213.html,7270,3913,3184,3046,3196
govdocs1-thread000,000214.html,34250,10843,5300,5429,5092
govdocs1-thread000,000215.html,18328,8091,5860,5663,5668
govdocs1-thread000,000216.html,29134,12638,8102,8353,7768
govdocs1-thread000,000217.html,11223,4830,2533,2703,2516
govdocs1-thread000,000218.txt,24340,9172,4335,4308,4144
govdocs1-thread000,000219.txt,1106,715,675,717,792
govdocs1-thread000,000220.txt,15654,3983,1284,1458,1320
govdocs1-thread000,000221.txt,1354,842,748,766,872
govdocs1-thread000,000222.txt,32035,12766,8646,8063,8212
govdocs1-thread000,000223.f,1231,740,572,637,660
govdocs1-thread000,000224.txt,13366,4299,2246,2072,1912
govdocs1-thread000,000225.f,2685,1530,981,1095,1052
govdocs1-thread000,000226.txt,192354,85630,77612,62823,67604
govdocs1-thread000,000227.txt,700229,300610,195793,192956,150384
govdocs1-thread000,000228.txt,934915,398641,260058,255374,198940
govdocs1-thread000,000229.txt,14000,8193,7156,6726,6872
govdocs1-thread000,000230.txt,28277,14843,13172,12229,12588
govdocs1-thread000,000231.jpg,17107,16776,16124,16758,16140
govdocs1-thread000,000232.jpg,78199,77020,76450,76945,76620
govdocs1-thread000,000233.gif,120908,98758,88550,86721,82260
govdocs1-thread000,000234.jpg,45468,45476,45440,45855,45528
govdocs1-thread000,000235.jpg,14010,14017,13978,14390,14072
govdocs1-thread000,000236.pdf,12423,7977,6377,6856,6036
govdocs1-thread000,000237.jpg,23941,23949,23895,24289,24004
govdocs1-thread000,000238.jpg,27700,27708,27637,28031,27760
govdocs1-thread000,000239.jpg,27628,27636,27498,27926,27688
govdocs1-thread000,000240.jpg,13512,13519,13217,13683,13288
govdocs1-thread000,000241.gif,311268,306665,305250,309881,304816
govdocs1-thread000,000242.jpg,13091,12893,12239,12861,12248
govdocs1-thread000,000243.jpg,56683,53482,49919,51584,49972
govdocs1-thread000,000244.jpg,30640,29380,27782,28893,27900
govdocs1-thread000,000245.jpg,3851,3858,3590,4029,3596
govdocs1-thread000,000246.jpg,24618,23982,23385,23936,23440
govdocs1-thread000,000247.jpg,18510,18518,18320,18722,18400
govdocs1-thread000,000248.doc,1015808,773872,617918,655778,572904
govdocs1-thread000,000249.doc,100352,76790,71295,73465,69196
govdocs1-thread000,000250.doc,55808,21166,14516,13575,12832
govdocs1-thread000,000251.pdf,10788,8349,6731,7099,6336
govdocs1-thread000,000252.pdf,200856,189544,185809,186289,184156
govdocs1-thread000,000253.doc,91648,32370,20720,20306,17348
govdocs1-thread000,000254.doc,73728,28858,17862,18526,14848
govdocs1-thread000,000255.doc,74752,19847,11515,11857,9468
govdocs1-thread000,000256.doc,27648,5293,3506,3870,3140
govdocs1-thread000,000257.rtf,255469,92790,74608,58290,64312
govdocs1-thread000,000258.rtf,325316,109060,91928,69172,76904
govdocs1-thread000,000259.doc,93184,39268,26554,25442,22492
govdocs1-thread000,000260.doc,197120,117102,91025,98779,81020
govdocs1-thread000,000261.doc,1077248,931534,860162,871619,835760
govdocs1-thread000,000262.pdf,429655,326713,313123,307559,283880
govdocs1-thread000,000263.pdf,18247,15797,15118,15678,14792
govdocs1-thread000,000264.doc,51200,18594,12865,12619,10976
govdocs1-thread000,000265.doc,20992,3794,2866,3045,2552
govdocs1-thread000,000266.pdf,19021,16624,15844,16406,15468
govdocs1-thread000,000267.doc,337920,121500,78848,71754,64620
govdocs1-thread000,000268.doc,28160,5933,4397,4743,3896
govdocs1-thread000,000269.pdf,2066037,2031090,2012359,2017277,2007400
govdocs1-thread000,000270.pdf,70312,61633,58680,60081,57944
govdocs1-thread000,000271.doc,78848,46689,38313,33342,34812
govdocs1-thread000,000272.pdf,293665,281517,278930,280924,278848
govdocs1-thread000,000273.doc,32768,9450,6697,6991,6004
govdocs1-thread000,000274.doc,53760,25128,19559,21092,17572
govdocs1-thread000,000275.doc,31232,9864,6852,7050,6068
govdocs1-thread000,000276.doc,232448,127167,91028,97536,83436
govdocs1-thread000,000277.doc,275456,114272,79787,76214,58176
govdocs1-thread000,000278.doc,78336,31366,22410,20990,19044
govdocs1-thread000,000279.doc,29184,8728,5825,5993,5104
govdocs1-thread000,000280.pdf,1174312,1104785,1095429,1100277,1086132
govdocs1-thread000,000281.doc,247296,47517,28156,25638,18924
govdocs1-thread000,000282.pdf,3918750,3626647,3632647,3620770,3632540
govdocs1-thread000,000283.doc,72269,23343,15837,15273,13264
govdocs1-thread000,000284.txt,29867,13771,10790,9764,10160
govdocs1-thread000,000285.doc,28672,6658,4239,4464,3868
govdocs1-thread000,000286.doc,83456,49997,39480,37177,29704
govdocs1-thread000,000287.doc,209920,72713,45243,42779,37144
govdocs1-thread000,000288.ppt,1146368,1003294,889895,912028,843208
govdocs1-thread000,000289.ppt,1808896,1643194,1495015,1524820,1479736
govdocs1-thread000,000290.ppt,98304,28760,13418,14569,10536
govdocs1-thread000,000291.ppt,1262592,1100974,993579,1014024,959424
govdocs1-thread000,000292.ppt,2917888,2832939,2663032,2690946,2579588
govdocs1-thread000,000293.ppt,76288,26351,14982,15632,10836
govdocs1-thread000,000294.ppt,60928,19920,12447,13007,9716
govdocs1-thread000,000295.ppt,367616,293470,260354,268191,254424
govdocs1-thread000,000296.ppt,157696,51807,22393,19176,13080
govdocs1-thread000,000297.ppt,96256,26707,16453,15559,13220
govdocs1-thread000,000298.ppt,1768960,1269119,1005587,1001521,945964
govdocs1-thread000,000299.ppt,2073088,1759195,1639360,1653014,1260900
govdocs1-thread000,000300.ppt,74752,26055,16315,16095,12520
govdocs1-thread000,000301.ppt,209408,124976,96585,101420,91424
govdocs1-thread000,000302.ppt,550400,387442,321732,331536,307728
govdocs1-thread000,000303.ppt,946176,898948,854859,815002,716288
govdocs1-thread000,000304.ppt,1917440,1354187,1094974,1057395,977628
govdocs1-thread000,000305.ppt,1018880,890083,849158,837795,799028
govdocs1-thread000,000306.ppt,1779200,1593937,1432963,1441258,1392528
govdocs1-thread000,000307.ppt,456192,373830,337268,343310,328592
govdocs1-thread000,000308.ppt,1279488,987054,868495,872372,810636
govdocs1-thread000,000309.ppt,6252544,6117732,5930317,5990964,5908072
govdocs1-thread000,000310.ppt,254976,160953,130224,127025,115816
govdocs1-thread000,000311.ppt,834560,777262,747402,753829,741084
govdocs1-thread000,000312.ppt,1099264,1047554,1020557,1032144,1014532
govdocs1-thread000,000313.ppt,154112,92560,76079,79162,72324
govdocs1-thread000,000314.pdf,735686,549142,539037,545155,536104
govdocs1-thread000,000315.ppt,1352192,1288864,1226086,1246878,1216104
govdocs1-thread000,000316.pdf,168192,120407,111496,114127,110208
govdocs1-thread000,000317.ppt,1177600,946587,832709,838489,783732
govdocs1-thread000,000318.ppt,252928,65932,31788,26871,21132
govdocs1-thread000,000319.ppt,429568,332656,287845,286342,268092
govdocs1-thread000,000320.ppt,1709568,1678081,1632197,1646870,1623468
govdocs1-thread000,000321.ppt,1315328,1207255,1118018,1146408,1099600
govdocs1-thread000,000322.ppt,5045760,4612652,4184732,4174460,3938492
govdocs1-thread000,000323.ppt,1163264,916947,884176,784850,697044
govdocs1-thread000,000324.pdf,451440,293219,284702,282670,271708
govdocs1-thread000,000325.pdf,508018,409611,377356,389078,364588
govdocs1-thread000,000326.ppt,2119168,2002095,1900265,1927554,1867736
govdocs1-thread000,000327.ppt,1485824,1062178,977279,1007183,958244
govdocs1-thread000,000328.ppt,185344,149038,139394,142928,137064
govdocs1-thread000,000329.ppt,463872,367418,322493,324222,306600
govdocs1-thread000,000330.ppt,1313792,1205754,1115660,1132794,1091660
govdocs1-thread000,000331.pdf,431084,376622,368356,373232,367024
govdocs1-thread000,000332.pdf,262996,235586,225025,150282,118568
govdocs1-thread000,000333.pdf,74480,69366,68675,69130,67644
govdocs1-thread000,000334.pdf,206182,165996,162175,163068,160744
govdocs1-thread000,000335.xml,144,151,130,162,188
govdocs1-thread000,000336.pdf,130717,38517,26307,25496,23836
govdocs1-thread000,000337.pdf,458008,452312,446890,445380,444756
govdocs1-thread000,000338.pdf,614385,577856,573782,540434,500812
govdocs1-thread000,000339.pdf,65206,50967,49147,49525,47940
govdocs1-thread000,000340.pdf,1664437,1621917,1590665,1601781,1585736
govdocs1-thread000,000341.pdf,109065,100552,100072,99672,98436
govdocs1-thread000,000342.pdf,41343,34735,33898,34474,33484
govdocs1-thread000,000343.pdf,64642,51562,50334,50934,49416
govdocs1-thread000,000344.pdf,2620315,2447816,2443167,2447040,2440328
govdocs1-thread000,000345.pdf,42273,38393,37908,38510,37556
govdocs1-thread000,000346.pdf,252172,208582,187484,192604,186432
govdocs1-thread000,000347.pdf,572552,516408,499871,492509,483776
govdocs1-thread000,000348.pdf,2300275,2061026,1992747,1965886,1955200
govdocs1-thread000,000349.pdf,39259,32569,30662,31204,30028
govdocs1-thread000,000350.pdf,4668,4354,3717,4215,3684
govdocs1-thread000,000351.pdf,256626,218634,216734,216917,215248
govdocs1-thread000,000352.pdf,333582,316052,307698,309653,306828
govdocs1-thread000,000353.pdf,97361,92052,91561,92340,91556
govdocs1-thread000,000354.pdf,96138,88390,87532,88348,87264
govdocs1-thread000,000355.pdf,233584,216517,211135,218514,209956
govdocs1-thread000,000356.pdf,23278,18428,17697,18478,17420
govdocs1-thread000,000357.pdf,476668,395633,391070,382557,387540
govdocs1-thread000,000358.pdf,273359,254041,247672,248007,245964
govdocs1-thread000,000359.pdf,1669388,1136661,1050719,1050923,1004200
govdocs1-thread000,000360.pdf,23897,18289,17227,17662,16684
govdocs1-thread000,000361.pdf,37579,31163,28289,29697,27220
govdocs1-thread000,000362.pdf,32528,20947,18375,19110,17624
govdocs1-thread000,000363.pdf,178805,141678,138793,138944,136736
govdocs1-thread000,000364.pdf,121566,115778,115342,115894,114412
govdocs1-thread000,000365.pdf,39757,34338,32816,33382,32148
govdocs1-thread000,000366.pdf,139216,99517,95620,95851,93540
govdocs1-thread000,000367.pdf,135513,96881,94735,94998,92864
govdocs1-thread000,000368.pdf,12084,7035,5242,5631,4848
govdocs1-thread000,000369.pdf,11558,7039,5266,5640,4848
govdocs1-thread000,000370.pdf,45547,37484,36012,36737,35508
govdocs1-thread000,000371.pdf,282008,251533,244708,245082,241852
govdocs1-thread000,000372.pdf,1741033,1696053,1643118,1646051,1624720
govdocs1-thread000,000373.pdf,422934,386647,384051,385192,383404
govdocs1-thread000,000375.xls,47616,16639,14549,12979,11092
govdocs1-thread000,000376.dbase3,2882,893,506,637,568
govdocs1-thread000,000377.xls,33280,12080,9362,8857,7740
govdocs1-thread000,000378.xls,22016,6513,4632,4736,3876
govdocs1-thread000,000379.pdf,213174,200289,194425,195793,193036
govdocs1-thread000,000380.pdf,1163575,1149580,1147462,1158805,1146336
govdocs1-thread000,000381.pdf,275349,260875,256061,256854,254036
govdocs1-thread000,000382.xls,103424,37801,32814,28002,24436
govdocs1-thread000,000383.xls,415744,175393,150403,107774,77800
govdocs1-thread000,000384.xls,105472,38984,33836,30308,24660
govdocs1-thread000,000385.xls,50176,13885,8380,8266,6204
govdocs1-thread000,000386.xls,93696,30598,26325,21632,16272
govdocs1-thread000,000387.txt,26,32,34,62,84
govdocs1-thread000,000388.xls,63488,19967,18131,15586,12144
govdocs1-thread000,000389.dbase3,1538,728,431,546,500
govdocs1-thread000,000390.xls,34304,9645,5580,5730,4476
govdocs1-thread000,000391.xls,134656,46679,36875,29904,26692
govdocs1-thread000,000392.xls,25600,8537,6488,6628,4908
govdocs1-thread000,000393.xls,1607168,508451,446358,369119,271480
govdocs1-thread000,000394.xls,21504,7006,4837,4985,4004
govdocs1-thread000,000395.xls,49152,24219,20519,21052,16624
govdocs1-thread000,000396.xls,1577984,473198,360634,310614,170148
govdocs1-thread000,000397.jpg,122105,121842,121492,121936,121864
govdocs1-thread000,000398.xls,47616,14883,10425,9712,7936
govdocs1-thread000,000399.xls,223744,66706,62356,47566,25596
govdocs1-thread000,000400.jpg,71472,71451,71145,71583,71536
govdocs1-thread000,000401.xls,32256,12072,9996,9286,7072
govdocs1-thread000,000402.xls,33792,8426,6558,6008,4708
govdocs1-thread000,000403.xls,199168,76319,61877,46906,36312
govdocs1-thread000,000404.jpg,38353,38324,37871,38285,38084
govdocs1-thread000,000405.xls,9015296,3088068,2222146,1677236,1269128
govdocs1-thread000,000406.xls,22528,8503,7118,6340,5552
govdocs1-thread000,000407.xls,21504,5412,4404,4266,3224
govdocs1-thread000,000408.xls,7489536,2036358,1770099,1463657,714628
govdocs1-thread000,000409.html,44214,16060,9576,8585,8512
govdocs1-thread000,000410.html,28841,11316,5663,5354,5276
govdocs1-thread000,000411.html,7521,3930,2764,2875,2772
govdocs1-thread000,000412.html,16376,5908,3779,3753,3492
govdocs1-thread000,000413.html,21665,9833,6366,6358,6152
govdocs1-thread000,000414.html,3269,2085,1533,1631,1572
govdocs1-thread000,000415.html,2770,1832,1302,1442,1352
govdocs1-thread000,000416.html,9935,5235,3638,3747,3616
govdocs1-thread000,000417.jpg,21599,21355,20625,21209,20624
govdocs1-thread000,000418.html,33755,15078,9955,9853,9480
govdocs1-thread000,000419.jpg,49109,49008,48567,48949,48804
govdocs1-thread000,000420.html,19421,8684,5133,5413,4996
govdocs1-thread000,000421.html,4267,2261,1361,1615,1444
govdocs1-thread000,000422.html,4154,2170,1330,1582,1412
govdocs1-thread000,000423.html,11116,5131,3364,3498,3332
govdocs1-thread000,000424.html,23583,9134,4966,5213,4796
govdocs1-thread000,000425.html,2310,1235,908,1026,968
govdocs1-thread000,000426.html,23336,8848,5915,5646,5688
govdocs1-thread000,000427.html,40902,17866,10850,10790,10332
govdocs1-thread000,000428.html,61208,25674,14265,14177,13536
govdocs1-thread000,000429.html,7991,4324,3362,3212,3340
govdocs1-thread000,000430.html,12964,6458,4504,4557,4404
govdocs1-thread000,000431.html,13151,5133,3352,3495,3300
govdocs1-thread000,000432.jpg,22823,22191,21339,21996,21332
govdocs1-thread000,000433.html,13398,5413,3003,3328,2984
govdocs1-thread000,000434.html,4210,2409,1892,1953,1952
govdocs1-thread000,000435.html,9719,4645,3185,3337,3192
govdocs1-thread000,000436.html,10604,4764,3103,3371,3120
govdocs1-thread000,000437.jpg,13203,13210,13115,13542,13228
govdocs1-thread000,000438.html,33885,10970,5290,5441,5088
govdocs1-thread000,000439.html,15094,7626,5342,5211,5124
govdocs1-thread000,000440.html,21995,8522,6214,6256,6020
govdocs1-thread000,000442.html,13777,4623,2844,2903,2792
govdocs1-thread000,000444.pdf,1148629,1065911,1057653,1054248,1035392
govdocs1-thread000,000445.html,13432,7374,5055,5117,4912
govdocs1-thread000,000446.html,14159,5915,3939,4014,3872
govdocs1-thread000,000447.html,25885,10253,6791,6726,6448
govdocs1-thread000,000448.html,159985,50771,40228,31332,33756
govdocs1-thread000,000449.html,39756,13795,7584,7480,7184
govdocs1-thread000,000450.html,16487,6503,4203,4359,4132
govdocs1-thread000,000451.html,26142,11355,7028,6953,6728
govdocs1-thread000,000452.html,18087,8418,5620,5630,5452
govdocs1-thread000,000453.html,17239,7909,4916,5113,4764
govdocs1-thread000,000454.html,24635,10319,5709,5785,5352
govdocs1-thread000,000455.html,132672,47233,29030,26094,25712
govdocs1-thread000,000456.html,14048,5858,3331,3480,3260
govdocs1-thread000,000457.html,26316,10916,7161,7189,6832
govdocs1-thread000,000458.html,20543,11211,6968,7369,6660
govdocs1-thread000,000459.html,23782,3089,932,1009,732
govdocs1-thread000,000460.txt,6069,1463,584,596,480
govdocs1-thread000,000461.html,5170,1051,361,482,364
govdocs1-thread000,000462.txt,6614,1762,768,851,680
govdocs1-thread000,000463.txt,3426,1863,1480,1498,1544
govdocs1-thread000,000464.txt,94528,19365,10948,8053,7384
govdocs1-thread000,000465.unk,1545,894,771,806,900
govdocs1-thread000,000466.unk,2338,1283,1081,1091,1204
govdocs1-thread000,000467.txt,1921,1162,949,1010,1032
govdocs1-thread000,000468.txt,3431,1933,1516,1611,1596
govdocs1-thread000,000469.jpg,77691,68864,60231,63753,60104
govdocs1-thread000,000470.txt,50435,8017,5262,4618,4812
govdocs1-thread000,000471.txt,23544,9658,6801,6211,6456
govdocs1-thread000,000472.txt,61630,28845,18155,17143,15976
govdocs1-thread000,000473.txt,7426,3777,2936,2844,2956
govdocs1-thread000,000474.txt,354638,82165,36901,31109,23556
govdocs1-thread000,000475.txt,5095,1745,1167,1092,1012
govdocs1-thread000,000476.jpg,6456,6463,6429,6878,6468
govdocs1-thread000,000477.txt,11231,4336,2513,2653,2432
govdocs1-thread000,000478.txt,213606,65651,45254,36340,27368
govdocs1-thread000,000479.txt,12969,6176,4367,4464,4296
govdocs1-thread000,000480.txt,27034,12299,8350,7586,7900
govdocs1-thread000,000481.txt,1288,838,742,774,852
govdocs1-thread000,000482.ps,11636,4335,2781,2734,2652
govdocs1-thread000,000483.txt,1339,854,741,793,860
govdocs1-thread000,000484.txt,9080,5020,4227,4075,4188
govdocs1-thread000,000485.txt,3109,1876,1572,1657,1668
govdocs1-thread000,000486.txt,5029,2865,2417,2454,2488
govdocs1-thread000,000487.txt,30667,12889,10191,8990,9592
govdocs1-thread000,000488.unk,109623,35426,14200,13272,11560
govdocs1-thread000,000489.txt,4504,2467,1984,1972,2008
govdocs1-thread000,000490.txt,1679,988,866,927,984
govdocs1-thread000,000491.txt,28044,7141,5699,3888,4604
govdocs1-thread000,000492.txt,1886,559,424,429,440
govdocs1-thread000,000493.xml,483,353,268,323,336
govdocs1-thread000,000494.txt,1379,824,676,729,760
govdocs1-thread000,000495.unk,62599,27743,21820,18562,20040
govdocs1-thread000,000496.xml,167485,9470,4656,3343,3580
govdocs1-thread000,000497.xml,426234,18412,9289,5537,6352
govdocs1-thread000,000498.txt,4267,2419,2138,2111,2228
govdocs1-thread000,000499.txt,10552,5674,4090,4072,4044
govdocs1-thread000,000500.txt,106733,48530,37360,30650,32496
govdocs1-thread000,000501.txt,13066,6394,5411,4962,5340
govdocs1-thread000,000502.txt,27229,12996,9727,9127,9232
govdocs1-thread000,000503.txt,41815,16906,12918,11700,12020
govdocs1-thread000,000504.txt,6622,3678,2922,2976,2964
govdocs1-thread000,000505.jpg,165203,152713,139509,146592,139076
govdocs1-thread000,000506.jpg,117029,110960,109301,110632,108660
govdocs1-thread000,000507.jpg,101029,98724,96729,98231,96836
govdocs1-thread000,000508.jpg,11297,11304,11149,11629,11200
govdocs1-thread000,000509.jpg,1688344,1683455,1686892,1670887,1687120
govdocs1-thread000,000510.jpg,94790,88460,81205,85074,80916
govdocs1-thread000,000511.gif,775995,748636,750385,752409,745260
govdocs1-thread000,000512.jpg,195311,194192,195007,193002,195380
govdocs1-thread000,000513.jpg,169718,157508,144116,151184,143916
govdocs1-thread000,000514.jpg,165590,152462,141426,147675,141240
govdocs1-thread000,000515.jpg,7630,7637,7576,8033,7628
govdocs1-thread000,000516.jpg,86609,76763,70693,72653,69680
govdocs1-thread000,000517.gif,708207,667780,671309,674082,664136
govdocs1-thread000,000518.ppt,8271360,7516132,6921535,6954893,6646184
govdocs1-thread000,000519.gif,646344,623447,624815,627652,619660
govdocs1-thread000,000520.gif,888265,841647,848929,835803,834260
govdocs1-thread000,000521.jpg,38010,31191,22756,25952,22152
govdocs1-thread000,000522.gif,434306,423762,424211,426863,421912
govdocs1-thread000,000523.png,999067,999075,999378,999519,999176
govdocs1-thread000,000524.jpg,15860,15867,15796,16139,15920
govdocs1-thread000,000525.gif,332496,330655,330127,333111,331164
govdocs1-thread000,000526.gif,277400,277408,277472,278798,277472
govdocs1-thread000,000527.gif,290370,290378,290263,291795,290444
govdocs1-thread000,000528.jpg,30895,30903,30807,31199,30956
govdocs1-thread000,000529.gif,262270,262278,262112,263654,262344
govdocs1-thread000,000530.gif,813520,791855,792739,789080,784160
govdocs1-thread000,000531.jpg,40823,40831,40796,41094,40884
govdocs1-thread000,000532.jpg,37776,37784,37735,38033,37836
govdocs1-thread000,000533.doc,356864,143460,82078,85065,68404
govdocs1-thread000,000534.gif,536130,516561,518406,520443,513280
govdocs1-thread000,000535.jpg,25675,25683,25626,25964,25736
govdocs1-thread000,000536.jpg,23460,18877,14469,16395,14300
govdocs1-thread000,000537.gif,13434,13441,13247,13583,13172
govdocs1-thread000,000538.gif,877276,853628,853833,853552,845868
govdocs1-thread000,000539.jpg,19440,19448,19250,19629,19344
govdocs1-thread000,000540.jpg,2939,2946,2910,3288,2916
govdocs1-thread000,000541.jpg,32668,26910,19963,22765,19496
govdocs1-thread000,000542.gif,481044,464701,466030,467714,461840
govdocs1-thread000,000543.gif,479507,464004,464824,467524,461008
govdocs1-thread000,000544.jpg,9619,9626,9364,9796,9412
govdocs1-thread000,000545.gif,2578163,2538366,2548235,2533138,2512520
govdocs1-thread000,000546.jpg,2976,2983,2942,3349,2948
govdocs1-thread000,000547.pdf,683857,663500,652732,657525,648000
govdocs1-thread000,000548.gif,64403,60569,59148,61204,57984
govdocs1-thread000,000549.jpg,72512,70720,70433,70328,70304
govdocs1-thread000,000550.jpg,88393,88401,88401,88910,88456
govdocs1-thread000,000551.jpg,483240,467549,449255,460604,448956
govdocs1-thread000,000552.html,29794,10049,6640,6320,6284
govdocs1-thread000,000553.html,30340,11797,6407,6626,6160
govdocs1-thread000,000554.html,30721,12045,6494,6727,6244
govdocs1-thread000,000555.html,142348,50616,32803,29211,29016
govdocs1-thread000,000556.txt,750364,320588,209437,205798,160340
govdocs1-thread000,000557.ppt,3331072,3098428,2967342,2929037,2892384
govdocs1-thread000,000558.ppt,5657088,5606907,5462071,5503101,5412296
govdocs1-thread000,000559.ppt,17213440,16964473,16060671,16066967,15250120
govdocs1-thread000,000560.ppt,4314624,4263043,4198358,4149846,3882044
govdocs1-thread000,000561.gif,33695,33703,33487,33924,33512
govdocs1-thread000,000562.pdf,46553,38166,37087,37713,36436
govdocs1-thread000,000563.gif,42547,42555,42461,43033,42608
govdocs1-thread000,000564.csv,7484691,2620992,2014915,1547447,1172608
govdocs1-thread000,000565.csv,43100,16746,13388,10970,11292
govdocs1-thread000,000566.pdf,70952,59632,58543,59155,57784
govdocs1-thread000,000567.pdf,16133,13767,13094,13657,12820
govdocs1-thread000,000568.pdf,35480,15492,9466,8916,8540
govdocs1-thread000,000569.pdf,35997,15633,9406,8933,8452
govdocs1-thread000,000570.pdf,29573,22989,21701,22333,21172
govdocs1-thread000,000571.pdf,360396,350695,344780,349666,345340
govdocs1-thread000,000572.pdf,97945,82244,70378,73175,68676
govdocs1-thread000,000573.swf,94981,94989,94983,95740,95044
govdocs1-thread000,000574.pdf,179980,164050,162785,162821,161932
govdocs1-thread000,000575.csv,37629,15832,10928,8911,9368
govdocs1-thread000,000576.csv,145813,46528,34664,22961,20608
govdocs1-thread000,000577.pdf,9224,5212,3742,4253,3536
govdocs1-thread000,000578.pdf,351558,109932,81503,58611,66364
govdocs1-thread000,000579.gz,175349,175357,175328,175998,175416
govdocs1-thread000,000580.pdf,42629,38673,38281,38890,38088
govdocs1-thread000,000581.pdf,73400,63149,61450,61986,60624
govdocs1-thread000,000582.pdf,379591,329929,314970,324161,307704
govdocs1-thread000,000583.pdf,225706,214445,211746,212692,210896
govdocs1-thread000,000584.pdf,1505718,1290449,1308851,1183318,1176660
govdocs1-thread000,000585.pdf,75509,68741,68218,68673,67772
govdocs1-thread000,000586.pdf,48456,43172,42349,42811,41976
govdocs1-thread000,000587.pdf,14474,11161,10415,10852,10388
govdocs1-thread000,000588.pdf,110355,100603,97178,97978,95568
govdocs1-thread000,000589.pdf,305050,251122,243082,242487,236952
govdocs1-thread000,000590.pdf,205481,172921,171658,159872,163936
govdocs1-thread000,000591.pdf,6349,4938,3983,4487,3868
govdocs1-thread000,000592.pdf,99895,96051,95422,96301,95484
govdocs1-thread000,000593.pdf,51727,43976,43080,43593,42436
govdocs1-thread000,000594.pdf,109194,105691,105736,106196,105636
govdocs1-thread000,000595.pdf,4090732,3344165,3270665,3221374,2920124
govdocs1-thread000,000596.pdf,61982,55981,54607,55329,54036
govdocs1-thread000,000597.html,17024,7736,4782,4831,3996
govdocs1-thread000,000598.html,150112,41447,26537,23125,20928
govdocs1-thread000,000599.html,117009,31785,19012,16652,15108
govdocs1-thread000,000600.html,293,182,148,186,216
govdocs1-thread000,000601.html,237,105,75,113,132
govdocs1-thread000,000603.jpg,1169908,1159843,1167044,1143152,1169748
govdocs1-thread000,000604.html,15831,5771,3655,3599,3536
govdocs1-thread000,000605.pdf,20115,13577,12395,12964,12032
govdocs1-thread000,000606.pdf,9910,7642,6100,6510,5764
govdocs1-thread000,000607.html,49118,22424,12896,12880,12272
govdocs1-thread000,000608.html,65531,28352,15877,15604,14968
govdocs1-thread000,000609.html,39369,22590,14333,14179,13168
govdocs1-thread000,000610.pdf,33298,26496,25332,25828,24752
govdocs1-thread000,000611.html,211524,74840,57010,44047,46652
govdocs1-thread000,000612.html,282115,44740,28311,22069,24860
govdocs1-thread000,000613.html,35811,17286,13403,12220,12660
govdocs1-thread000,000614.jpg,237474,236978,237033,233772,237544
govdocs1-thread000,000615.html,1253,847,682,770,780
govdocs1-thread000,000616.html,2013,1333,1062,1164,1156
govdocs1-thread000,000617.html,2639,1545,1016,1193,1072
govdocs1-thread000,000618.pdf,58435,50328,48802,49570,47828
govdocs1-thread000,000619.txt,291,209,159,199,228
govdocs1-thread000,000620.txt,159881,49129,25155,21232,19236
govdocs1-thread000,000621.txt,1698,1139,1049,1125,1176
govdocs1-thread000,000622.txt,1696,1066,955,1021,1084
govdocs1-thread000,000623.html,307,295,237,282,304
govdocs1-thread000,000624.txt,1244208,324937,212858,171848,81000
govdocs1-thread000,000625.txt,7632,2654,1553,1694,1472
govdocs1-thread000,000626.txt,5544,1861,1098,1229,1088
govdocs1-thread000,000628.pdf,376269,180176,152571,158566,147516
govdocs1-thread000,000629.pdf,303658,279586,270731,273176,270164
govdocs1-thread000,000630.pdf,290656,267189,259018,261208,258316
govdocs1-thread000,000631.pdf,316727,291718,283705,286128,283180
govdocs1-thread000,000632.pdf,51231,38136,33911,32910,31880
govdocs1-thread000,000633.xls,3922944,1224028,822118,643862,279396
govdocs1-thread000,000634.html,17269,4027,2668,2381,2496
govdocs1-thread000,000635.html,88910,31865,15153,14057,13012
govdocs1-thread000,000636.html,70748,26786,13598,13031,12068
govdocs1-thread000,000637.html,57079,13947,7183,5698,5672
govdocs1-thread000,000638.html,11387,5136,3774,3704,3288
govdocs1-thread000,000639.html,238245,20493,11458,8823,7668
govdocs1-thread000,000640.html,46190,10029,5383,4564,4212
govdocs1-thread000,000641.txt,2867,949,404,505,400
govdocs1-thread000,000642.txt,1438,589,455,478,428
govdocs1-thread000,000643.txt,3354,747,570,540,520
govdocs1-thread000,000644.txt,22282,4976,4416,3865,2568
govdocs1-thread000,000645.txt,22546,4180,3608,3120,2204
govdocs1-thread000,000646.txt,8676,3968,3716,3288,2868
govdocs1-thread000,000647.txt,22113,7106,5795,5748,3756
govdocs1-thread000,000648.txt,46377,11862,9102,7171,8256
govdocs1-thread000,000649.txt,501907,156466,165259,139683,120072
govdocs1-thread000,000650.txt,501907,150397,157665,132952,115180
govdocs1-thread000,000651.txt,14981,4343,3338,2979,2652
govdocs1-thread000,000652.txt,137088,43598,47823,39245,25728
govdocs1-thread000,000653.txt,262889,86907,95445,79226,82088
govdocs1-thread000,000654.txt,37044,14131,14141,11422,9244
govdocs1-thread000,000655.txt,188458,52275,43893,32064,36076
govdocs1-thread000,000656.txt,1120311,428014,421321,378163,303560
govdocs1-thread000,000657.txt,134808,30015,23905,18637,15808
govdocs1-thread000,000658.txt,7440685,1776373,1940319,1457716,1354540
govdocs1-thread000,000659.txt,262791,90849,98730,82188,84380
govdocs1-thread000,000660.txt,1264086,480009,461550,423312,335184
govdocs1-thread000,000661.txt,399089,81568,72781,57932,30248
govdocs1-thread000,000662.txt,828,405,412,417,488
govdocs1-thread000,000663.pdf,7837,3949,2715,3098,2568
govdocs1-thread000,000664.txt,1002998,343486,348692,287689,251880
govdocs1-thread000,000665.txt,226800,46342,34617,27492,25424
govdocs1-thread000,000666.txt,562728,210547,199243,147676,151964
govdocs1-thread000,000667.txt,108830,49082,50191,43343,38796
govdocs1-thread000,000668.txt,231743,54344,49446,36950,37028
govdocs1-thread000,000669.txt,569670,197292,214465,185576,136436
govdocs1-thread000,000670.txt,1809908,601948,652335,583958,415344
govdocs1-thread000,000671.pdf,867979,701670,652592,650640,630392
govdocs1-thread000,000672.pdf,1101626,230653,170267,170185,144676
govdocs1-thread000,000674.pdf,2285075,1949872,1954061,1948948,1948928
govdocs1-thread000,000675.doc,124416,42497,24057,24133,19932
govdocs1-thread000,000676.pdf,51485,45071,43934,44588,43376
govdocs1-thread000,000677.doc,1350144,837526,636099,645592,591520
govdocs1-thread000,000678.doc,29184,8462,6093,5910,5580
govdocs1-thread000,000681.jpg,111869,111877,111745,112198,111932
govdocs1-thread000,000682.jpg,125365,125373,125265,125666,125432
govdocs1-thread000,000684.jpg,84403,84411,84290,84727,84468
govdocs1-thread000,000686.doc,35840,8762,5285,5448,4720
govdocs1-thread000,000687.doc,64000,36768,30982,31581,28612
govdocs1-thread000,000688.gif,3843,3850,3854,4300,3904
govdocs1-thread000,000689.csv,2575,938,687,727,712
govdocs1-thread000,000690.csv,37449,15028,10854,8848,9256
govdocs1-thread000,000691.doc,59392,16981,9563,10074,7976
govdocs1-thread000,000692.html,15891,5617,3125,3102,3036
govdocs1-thread000,000693.doc,59904,18143,9619,10198,7996
govdocs1-thread000,000694.html,11646,4524,2577,2623,2536
govdocs1-thread000,000695.doc,25088,4753,3390,3615,3112
govdocs1-thread000,000696.doc,154624,122311,107991,112985,104360
govdocs1-thread000,000697.log,109101,41340,36842,34485,23252
govdocs1-thread000,000698.log,826163,221800,140065,105171,90936
govdocs1-thread000,000699.log,1865310,489886,342995,257614,212400
govdocs1-thread000,000700.xml,57438,16630,10783,9587,9664
govdocs1-thread000,000701.doc,21504,4648,3425,3520,3164
govdocs1-thread000,000702.ps,1782758,1275559,1184839,1183191,1158184
govdocs1-thread000,000703.xml,33843,12443,8580,8255,8032
govdocs1-thread000,000704.xml,57668,18598,13183,11962,11844
govdocs1-thread000,000705.doc,423936,390651,379164,384068,375640
govdocs1-thread000,000706.doc,34304,7198,4497,4777,3964
govdocs1-thread000,000707.doc,84480,32774,23163,21038,20276
govdocs1-thread000,000710.ppt,4036608,3907145,3813143,3846180,3790612
govdocs1-thread000,000711.ppt,1924608,1529133,1407798,1414610,1363620
govdocs1-thread000,000712.ppt,31232,13281,9460,9837,8232
govdocs1-thread000,000713.ppt,54272,20419,13036,13914,10908
govdocs1-thread000,000714.ppt,488448,387053,332258,336566,309932
govdocs1-thread000,000715.ppt,986624,947164,936771,936424,932656
govdocs1-thread000,000716.ppt,4794880,4669238,4593756,4610015,4577260
govdocs1-thread000,000717.ppt,81920,19734,11489,11494,8628
govdocs1-thread000,000718.gz,390203,369547,374373,375803,370124
govdocs1-thread000,000719.ppt,47104,19178,14577,15303,12816
govdocs1-thread000,000720.ppt,544256,514559,504518,502738,480528
govdocs1-thread000,000721.csv,8601,4191,3198,2889,2728
govdocs1-thread000,000722.csv,3815,2152,1580,1617,1616
govdocs1-thread000,000723.ppt,820224,733809,703801,705898,687820
govdocs1-thread000,000724.ppt,629760,541670,507960,510453,498916
govdocs1-thread000,000725.ppt,1004032,946701,924376,929951,906680
govdocs1-thread000,000726.html,30317,13259,10010,8733,9120
govdocs1-thread000,000727.ppt,679936,506819,435812,446399,422104
govdocs1-thread000,000728.ppt,403456,186265,139736,117619,102572
govdocs1-thread000,000729.ppt,373760,175483,118855,113788,103548
govdocs1-thread000,000730.ps,315236,129572,83296,79382,61432
govdocs1-thread000,000731.ps,3410835,1258295,712468,608097,492696
govdocs1-thread000,000732.ppt,683520,563597,513769,526525,500444
govdocs1-thread000,000733.ps,52862,28653,22856,20958,20652
govdocs1-thread000,000734.ps,3333545,2071702,1858517,1750893,1556920
govdocs1-thread000,000735.html,127193,44448,30934,25534,26852
govdocs1-thread000,000736.gz,5826642,5794582,5820400,5817532,5813696
govdocs1-thread000,000737.pdf,3613556,3407713,2623800,2416721,1847948
govdocs1-thread000,000738.pdf,18952,11149,9265,9669,8736
govdocs1-thread000,000739.pdf,2585410,2554617,2399495,2416531,2334176
govdocs1-thread000,000740.html,30978,13245,7086,7310,6792
govdocs1-thread000,000741.log,12351,5407,3532,3530,3328
govdocs1-thread000,000742.pdf,18530,14082,13102,13733,12756
govdocs1-thread000,000743.log,25255,10802,6414,6398,6084
govdocs1-thread000,000744.pdf,2006417,1661401,1578998,1589258,1539552
govdocs1-thread000,000745.pdf,51665,40171,38892,39370,38124
govdocs1-thread000,000746.pdf,574613,515069,511982,513863,510712
govdocs1-thread000,000747.pdf,67234,54675,52344,53079,51452
govdocs1-thread000,000748.pdf,296356,213325,193904,196819,182760
govdocs1-thread000,000749.html,63175,27910,23314,20015,21448
govdocs1-thread000,000750.pdf,328238,311085,297143,298553,292380
govdocs1-thread000,000751.pdf,384101,365933,351138,351489,344532
govdocs1-thread000,000752.pdf,496878,490353,486244,487747,485628
govdocs1-thread000,000753.pdf,160991,150858,144448,147254,143512
govdocs1-thread000,000754.gz,232167,232175,231694,233281,232236
govdocs1-thread000,000755.pdf,385217,179835,164333,157126,143272
govdocs1-thread000,000756.csv,2099672,627786,446358,322086,287204
govdocs1-thread000,000757.pdf,18347,16127,15202,15800,14992
govdocs1-thread000,000759.doc,1502208,1347531,1211695,1248196,1189988
govdocs1-thread000,000760.pdf,59141,56967,56669,57319,56876
govdocs1-thread000,000761.pdf,2145627,2116268,2106712,2097477,2100512
govdocs1-thread000,000762.pdf,2393778,2268339,2207527,2211895,2172356
govdocs1-thread000,000763.pdf,404009,310895,273123,251843,219016
govdocs1-thread000,000764.csv,8305,3848,1836,2033,1564
govdocs1-thread000,000765.log,69246,25555,14783,13968,12892
govdocs1-thread000,000766.ps,5141572,1583498,1491740,1216576,1203064
govdocs1-thread000,000767.ps,4928658,1295915,1266065,1043956,1023512
govdocs1-thread000,000768.ps,452744,55570,35488,27530,28920
govdocs1-thread000,000770.pdf,46927,33243,30623,31106,29668
govdocs1-thread000,000771.doc,3030016,2611430,2348704,2381326,2255000
govdocs1-thread000,000772.ps,310380,131925,90802,77915,77224
govdocs1-thread000,000773.ps,317492,126350,114377,84580,94132
govdocs1-thread000,000774.ps,4540613,1541261,845328,708764,642568
govdocs1-thread000,000775.xls,96768,35131,29506,25863,20800
govdocs1-thread000,000776.xls,2082816,395150,282232,119005,84624
govdocs1-thread000,000777.xls,137728,46553,26222,24354,17064
govdocs1-thread000,000778.xls,150528,51122,28548,26248,18692
govdocs1-thread000,000779.xls,620032,247759,162572,151431,130576
govdocs1-thread000,000780.xls,96768,37340,23819,22461,18892
govdocs1-thread000,000781.xls,282112,106802,85936,64690,66372
govdocs1-thread000,000782.xls,30720,13148,10814,9967,8020
govdocs1-thread000,000783.html,149711,53712,38936,32293,34532
govdocs1-thread000,000784.html,9842,4930,3644,3516,3624
govdocs1-thread000,000785.html,34473,15545,11144,10135,10508
govdocs1-thread000,000786.gz,282032,282016,279667,282819,280888
govdocs1-thread000,000787.html,17137,7552,4516,4641,4404
govdocs1-thread000,000788.doc,34816,11124,6967,7550,5920
govdocs1-thread000,000789.html,9541,4992,3365,3476,3316
govdocs1-thread000,000790.doc,77824,35636,28307,24522,24752
govdocs1-thread000,000791.html,61312,21049,11483,11288,10660
govdocs1-thread000,000792.html,37681,15838,11273,10223,10568
govdocs1-thread000,000793.html,9023,4466,2981,3087,2960
govdocs1-thread000,000794.html,68613,25498,14253,13227,12940
govdocs1-thread000,000795.doc,826368,340199,270984,239290,225828
govdocs1-thread000,000796.doc,108032,48327,29096,25879,22376
govdocs1-thread000,000797.html,25869,8981,4745,4680,4396
govdocs1-thread000,000798.html,335,272,212,255,268
govdocs1-thread000,000799.doc,149504,52366,32980,31017,26840
govdocs1-thread000,000800.html,2516,1578,1288,1302,1372
govdocs1-thread000,000801.doc,6149120,4377042,3782834,3777830,3498244
govdocs1-thread000,000802.doc,228864,86323,63956,53302,51628
govdocs1-thread000,000803.rtf,45138,11436,7223,6518,6876
govdocs1-thread000,000804.doc,130048,44548,33645,28707,29484
govdocs1-thread000,000805.html,4938,2577,1919,2076,1964
govdocs1-thread000,000806.doc,55296,18252,12650,12553,11092
govdocs1-thread000,000807.pdf,2768386,516392,468942,457857,451260
govdocs1-thread000,000808.html,5334,3143,2365,2452,2400
govdocs1-thread000,000809.pdf,32034,26774,25408,25893,24888
govdocs1-thread000,000810.pdf,30055,23962,23112,23819,22556
govdocs1-thread000,000811.pdf,69137,61670,60781,60798,59876
govdocs1-thread000,000812.html,9164,4845,3480,3490,3448
govdocs1-thread000,000813.pdf,104965,90910,89158,90083,88200
govdocs1-thread000,000814.html,2753,1506,1091,1229,1180
govdocs1-thread000,000815.html,30810,11021,7654,6831,7212
govdocs1-thread000,000816.pdf,43914,37275,35852,36385,35188
govdocs1-thread000,000817.pdf,1471951,1392172,1393086,1339456,1265372
govdocs1-thread000,000818.pdf,23182,19508,17690,18862,17056
govdocs1-thread000,000819.html,11630,5486,3464,3665,3456
govdocs1-thread000,000820.html,10954,5352,3660,3759,3640
govdocs1-thread000,000821.html,17868,6276,3740,3852,3664
govdocs1-thread000,000823.html,16647,5945,3375,3566,3296
govdocs1-thread000,000824.html,8441,4441,3490,3372,3472
govdocs1-thread000,000825.pdf,46623,41697,40482,40963,39964
govdocs1-thread000,000826.pdf,1863437,1822075,1803187,1807167,1795644
govdocs1-thread000,000827.txt,992,622,535,567,648
govdocs1-thread000,000828.txt,1513,958,778,848,888
govdocs1-thread000,000829.txt,1426,828,660,699,764
govdocs1-thread000,000830.html,89891,28742,10608,11096,9096
govdocs1-thread000,000831.txt,1483,887,748,807,872
govdocs1-thread000,000832.txt,3409,1865,1609,1626,1688
govdocs1-thread000,000833.txt,3392,1882,1611,1656,1704
govdocs1-thread000,000834.pdf,51588,38595,36305,36376,34628
govdocs1-thread000,000835.txt,21301,7296,4265,4433,4152
govdocs1-thread000,000836.txt,8464,4154,3010,3138,3044
govdocs1-thread000,000837.txt,8189,4251,2893,3035,2932
govdocs1-thread000,000838.pdf,40395,27999,26956,27590,26348
govdocs1-thread000,000839.pdf,185106,167869,166659,166600,164500
govdocs1-thread000,000840.pdf,13138,10418,8761,9318,8432
govdocs1-thread000,000841.txt,8960,4773,3776,3671,3768
govdocs1-thread000,000842.txt,823,557,445,517,520
govdocs1-thread000,000843.pdf,119705,106498,105038,105926,104140
govdocs1-thread000,000844.txt,9163,4712,3561,3416,3548
govdocs1-thread000,000845.swf,336600,325482,314163,313587,299416
govdocs1-thread000,000846.txt,20699,8313,4640,4702,4484
govdocs1-thread000,000847.txt,33059,12660,7873,7709,7172
govdocs1-thread000,000848.txt,27934,12335,8807,7970,8356
govdocs1-thread000,000849.txt,40403,17912,13941,12784,13060
govdocs1-thread000,000850.txt,44597,18924,15015,13278,14108
govdocs1-thread000,000851.txt,12507,5659,4629,4326,4488
govdocs1-thread000,000852.txt,16458,7746,5312,5164,5072
govdocs1-thread000,000853.pdf,456708,431180,428533,430805,428092
govdocs1-thread000,000854.pdf,267421,238713,234156,236439,233672
govdocs1-thread000,000855.txt,4211,2443,2081,2084,2152
govdocs1-thread000,000856.txt,3872,2186,1915,1939,2000
govdocs1-thread000,000857.txt,58343,26011,22067,19161,20476
govdocs1-thread000,000858.txt,186576,53014,34406,26033,27800
govdocs1-thread000,000859.pdf,4119909,2165863,1912970,1811478,1620264
govdocs1-thread000,000860.txt,43436,19134,14452,13048,13420
govdocs1-thread000,000861.txt,36197,14684,10810,9857,10256
govdocs1-thread000,000862.txt,19449,9264,7842,7061,7544
govdocs1-thread000,000863.txt,56582,24642,18149,16001,16752
govdocs1-thread000,000864.txt,21704,7544,4716,4612,4580
govdocs1-thread000,000865.gz,266146,252100,255679,255783,252720
govdocs1-thread000,000866.txt,68396,21420,12650,11715,11392
govdocs1-thread000,000867.jpg,25745,25753,25602,26034,25804
govdocs1-thread000,000868.jpg,25831,25839,25637,26096,25836
govdocs1-thread000,000869.jpg,5143,5150,5154,5575,5176
govdocs1-thread000,000870.jpg,145826,145834,145718,146125,145892
govdocs1-thread000,000871.jpg,12657,12664,12614,13047,12700
govdocs1-thread000,000872.jpg,73959,73245,72644,73261,72804
govdocs1-thread000,000873.jpg,34755,34763,34670,35042,34816
govdocs1-thread000,000874.jpg,5726,5733,5703,6131,5740
govdocs1-thread000,000875.html,17105,5635,3082,3181,2820
govdocs1-thread000,000876.jpg,1234732,1234740,1234866,1227161,1234720
govdocs1-thread000,000877.html,65798,18243,8713,8650,8016
govdocs1-thread000,000878.pdf,47134,41911,40874,41307,40384
govdocs1-thread000,000879.jpg,994547,994555,993194,985319,993996
govdocs1-thread000,000880.jpg,109152,109160,109129,109551,109216
govdocs1-thread000,000881.jpg,130944,121324,115379,118335,115312
govdocs1-thread000,000882.pdf,19607,15598,15059,15602,14656
govdocs1-thread000,000883.jpg,57816,57824,57383,57912,57816
govdocs1-thread000,000884.jpg,103940,103092,102754,103116,103056
govdocs1-thread000,000885.pdf,52185,40194,37630,38050,36044
govdocs1-thread000,000886.pdf,376076,355683,350539,352849,347360
govdocs1-thread000,000887.pdf,1307071,1195559,1171807,1179364,1168444
govdocs1-thread000,000888.jpg,2723425,2707141,2718107,2700853,2718268
govdocs1-thread000,000889.jpg,48406,47470,46985,47249,47068
govdocs1-thread000,000890.jpg,21392,20964,20443,20957,20404
govdocs1-thread000,000891.html,22226,10522,7703,7250,7328
govdocs1-thread000,000892.html,18395,8825,6362,5828,6112
govdocs1-thread000,000893.html,28262,12427,8507,8228,8048
govdocs1-thread000,000894.html,21757,10101,7358,7198,7036
govdocs1-thread000,000895.html,36204,16298,12462,11164,11712
govdocs1-thread000,000896.jpg,24174,23566,23011,23349,23040
govdocs1-thread000,000897.jpg,57596,44772,33934,37834,33332
govdocs1-thread000,000898.html,22593,11428,7802,7670,7476
govdocs1-thread000,000899.pdf,135640,112436,109372,110026,107432
govdocs1-thread000,000900.jpg,17267,17275,17154,17589,17304
govdocs1-thread000,000901.pdf,24248,18587,17206,17974,16404
govdocs1-thread000,000902.jpg,29629,28971,28402,28991,28432
govdocs1-thread000,000903.jpg,99121,99129,98920,99497,99184
govdocs1-thread000,000904.pdf,320888,264652,241498,255255,239164
govdocs1-thread000,000905.jpg,9322,9329,9287,9725,9344
govdocs1-thread000,000906.jpg,17571,17493,16907,17472,16860
govdocs1-thread000,000907.html,37497,15455,11607,10705,10864
govdocs1-thread000,000908.jpg,12412,12419,12241,12692,12340
govdocs1-thread000,000909.jpg,9906,9913,9860,10303,9928
govdocs1-thread000,000910.jpg,35942,35950,35567,36022,35796
govdocs1-thread000,000911.doc,46080,14926,9940,9789,8792
govdocs1-thread000,000912.jpg,14692,14699,14563,14965,14660
govdocs1-thread000,000913.doc,174592,63518,37238,36115,31164
govdocs1-thread000,000916.html,9902,4625,2641,2821,2608
govdocs1-thread000,000917.html,90363,25723,5987,6038,4684
govdocs1-thread000,000918.html,60120,23045,12397,12414,11632
govdocs1-thread000,000919.html,36522,12229,6259,6359,5992
govdocs1-thread000,000920.txt,3302465,579093,626776,399409,363772
govdocs1-thread000,000921.txt,547799,120852,108709,92334,46020
govdocs1-thread000,000922.java,14152,4966,2735,2754,2708
govdocs1-thread000,000923.xml,13498,3817,1840,2095,1884
govdocs1-thread000,000924.txt,5799402,2266342,2142306,1974709,1153840
govdocs1-thread000,000925.txt,501907,154196,164185,138310,117052
govdocs1-thread000,000926.txt,226440,76699,81681,68346,47084
govdocs1-thread000,000927.txt,501907,154862,161710,136524,112068
govdocs1-thread000,000928.txt,262808,92926,100326,83667,85808
govdocs1-thread000,000929.txt,356264,106359,110811,95811,78672
govdocs1-thread000,000930.txt,422950,116650,95855,87661,68884
govdocs1-thread000,000931.txt,836423,245326,206896,173603,125516
govdocs1-thread000,000932.txt,913990,253456,211209,175738,128880
govdocs1-thread000,000933.txt,1640607,542948,631727,535312,555904
govdocs1-thread000,000934.txt,1165752,450881,432433,393334,307760
govdocs1-thread000,000935.txt,126412,57307,58609,51219,45476
govdocs1-thread000,000936.txt,282052,53234,40127,29255,25868
govdocs1-thread000,000937.txt,300289,95117,92426,77409,56240
govdocs1-thread000,000938.txt,29393421,11548107,12311345,10177993,9212916
govdocs1-thread000,000939.txt,119678,53252,54467,47587,42304
govdocs1-thread000,000940.txt,167487,62130,61482,52231,40776
govdocs1-thread000,000941.txt,437315,160283,134619,115512,62776
govdocs1-thread000,000942.txt,425167,162878,165144,143105,140796
govdocs1-thread000,000943.pdf,51770,39116,37612,38322,37452
govdocs1-thread000,000944.doc,571904,279616,191990,140305,96876
govdocs1-thread000,000945.pdf,29269,22427,21036,21730,20500
govdocs1-thread000,000946.doc,31232,9608,6078,6116,5508
govdocs1-thread000,000947.html,308,294,237,281,304
govdocs1-thread000,000948.doc,62976,38845,33537,33488,30964
govdocs1-thread000,000949.doc,69120,28375,18883,20063,16016
govdocs1-thread000,000950.doc,171520,72313,45794,47723,38756
govdocs1-thread000,000951.html,308,294,236,281,304
govdocs1-thread000,000952.doc,247296,71997,37564,38205,29620
govdocs1-thread000,000953.doc,101376,47280,36593,32204,24572
govdocs1-thread000,000954.pdf,69431,55528,53198,53604,51624
govdocs1-thread000,000955.pdf,193435,97414,54084,59576,46148
govdocs1-thread000,000956.pdf,277775,200771,196076,194941,187964
govdocs1-thread000,000957.doc,46592,17115,11660,11820,10076
govdocs1-thread000,000958.doc,652800,509848,446700,456748,433600
govdocs1-thread000,000959.xls,31744,7455,5456,5026,3864
govdocs1-thread000,000960.doc,78336,26745,15196,15294,13092
govdocs1-thread000,000961.doc,1376768,591822,293334,275604,158940
govdocs1-thread000,000962.jpg,209546,209332,209451,208327,209616
govdocs1-thread000,000963.doc,113152,24419,12571,13599,9480
govdocs1-thread000,000964.doc,424448,106736,69933,62318,49824
govdocs1-thread000,000965.doc,238080,155151,127569,134181,122288
govdocs1-thread000,000966.doc,1344000,1055001,866976,774963,643084
govdocs1-thread000,000967.doc,48128,18536,12449,12371,10852
govdocs1-thread000,000968.jpg,12253,12260,12118,12539,12204
govdocs1-thread000,000969.jpg,1710,1717,1575,1959,1552
govdocs1-thread000,000970.doc,43520,14323,8774,8989,7708
govdocs1-thread000,000971.doc,73216,15654,8198,9119,6540
govdocs1-thread000,000972.gif,24614,24622,24403,24909,23972
govdocs1-thread000,000973.doc,428032,139845,82907,80916,65836
govdocs1-thread000,000974.doc,285184,137947,89847,80202,64204
govdocs1-thread000,000975.xml,33479,11622,6507,6497,6172
govdocs1-thread000,000976.doc,129536,44805,27486,27241,21428
govdocs1-thread000,000977.doc,38400,9087,4820,5397,4072
govdocs1-thread000,000978.xml,156498,38853,32890,25907,30212
govdocs1-thread000,000979.doc,1795072,1645606,1579046,1519581,1302208
govdocs1-thread000,000980.ps,6327212,1692988,1363156,1078007,919264
govdocs1-thread000,000981.doc,33280,9841,6358,6273,5740
govdocs1-thread000,000982.ppt,1104384,917226,780391,786866,677976
govdocs1-thread000,000983.ppt,92160,38221,27560,28798,23876
govdocs1-thread000,000984.ppt,923136,780296,708876,620066,536932
govdocs1-thread000,000985.ppt,1238016,858542,721287,709399,652180
govdocs1-thread000,000986.ppt,275456,236368,221825,216682,199812
govdocs1-thread000,000987.ppt,1231360,1175217,1138241,1136254,1087752
govdocs1-thread000,000988.ppt,130560,91685,76440,78850,73180
govdocs1-thread000,000989.ppt,358400,271916,226992,229210,213996
govdocs1-thread000,000990.ppt,584704,487188,452747,458928,442344
govdocs1-thread000,000991.ppt,343040,247749,219103,224407,212164
govdocs1-thread000,000992.ppt,70144,34437,26288,26593,22456
govdocs1-thread000,000993.ppt,401920,131364,77525,69674,59532
govdocs1-thread000,000994.ppt,1641984,1364488,1120224,1117056,1069428
govdocs1-thread000,000995.ppt,116736,29557,15236,14685,11520
govdocs1-thread000,000996.ps,1062610,670870,267018,302829,239876
govdocs1-thread000,000997.ppt,62976,30235,24590,26162,23224
govdocs1-thread000,000998.ppt,453632,412482,398665,401378,392512
govdocs1-thread000,000999.ppt,430592,279595,233566,242001,225540
